name,CMC,Type,Color,Set,Collector Number,Rarity,Color Category,status,Finish,maybeboard,image URL,image Back URL,tags,Notes,MTGO ID
"Boros Elite",1,"Creature - Human Soldier",W,"rvr","10",common,White,Owned,,false,,,"","",120547
"Deftblade Elite",1,"Creature - Human Soldier",W,"lgn","12",common,White,Owned,Non-foil,false,,,"","",18617
"Doomed Traveler",1,"Creature - Human Soldier",W,"isd","11",common,White,Owned,Non-foil,false,,,"GTC Update;token generator;WR tokens;WG tokens","",42650
"Elite Vanguard",1,"Creature - Human Soldier",W,"ema","8",common,White,Owned,Non-foil,false,,,"EMA Update","",60565
"Faerie Guidemother",1,"Creature - Faerie ",W,"eld","11",common,White,Owned,Non-foil,false,,,"ELD Update","",78110
"Gideon's Lawkeeper",1,"Creature - Human Soldier",W,"m12","18",common,White,Owned,Non-foil,false,,,"M12 Update;tapper;removal;soft removal;Creature Removal","",41529
"Goldmeadow Harrier",1,"Creature - Kithkin Soldier",W,"lrw","17",common,White,Owned,Non-foil,false,,,"Since the beginning;tapper;removal;soft removal;Creature Removal","",28185
"Miner's Guidewing",1,"Creature - Bird",W,"lci","24",common,White,Owned,,false,,,"","",117826
"Novice Inspector",1,"Creature - Human Detective",W,"mkm","29",common,White,Owned,,false,,,"","",121546
"Savannah Lions",1,"Creature - Cat",W,"a25","33",common,White,Owned,Non-foil,false,,,"UST/RIX/A25 Update","",66980
"Thraben Inspector",1,"Creature - Human Soldier",W,"soi","44",common,White,Owned,Non-foil,false,,,"EMA Update;token generator;ETB;card draw","",60240
"Ainok Bond-Kin",2,"Creature - Dog Soldier",W,"ima","4",common,White,Owned,Non-foil,false,,,"","",65887
"Cathar Commando",2,"Creature - Human Soldier",W,"mid","10",common,White,Owned,Non-foil,false,,,"","",92942
"Kor Skyfisher",2,"Creature - Kor Soldier",W,"mm3","11",common,White,Owned,Non-foil,false,,,"Since the beginning;evasion;ETB;flicker and bounce","",63193
"Phantom Nomad",2,"Creature - Spirit Nomad",W,"jud","17",common,White,Owned,Non-foil,false,,,"STX Update","",17384
"Raffine's Informant",2,"Creature - Human Wizard",W,"snc","26",common,White,Owned,Non-foil,false,,,"","",98271
"Seeker of the Way",2,"Creature - Human Warrior",W,"ima","29",common,White,Owned,Non-foil,false,,,"HOU/XLN/IMA Update","",65937
"Soltari Trooper",2,"Creature - Soltari Soldier",W,"tmp","47",common,White,Owned,,false,,,"","",9647
"Stormfront Pegasus",2,"Creature - Pegasus",W,"m10","35",common,White,Owned,Non-foil,false,,,"Since the beginning;UW fliers","",32801
"Suture Priest",2,"Creature - Phyrexian Cleric",W,"nph","25",common,White,Owned,Non-foil,false,,,"","",39766
"Syndic of Tithes",2,"Creature - Human Cleric",W,"gtc","26",common,White,Owned,Non-foil,false,,,"ELD Update","",47817
"Topan Freeblade",2,"Creature - Human Soldier",W,"ori","36",common,White,Owned,Non-foil,false,,,"AFR/MH2 Update","",57836
"Ardenvale Tactician",3,"Creature - Human Knight ",W,"eld","5",common,White,Owned,Non-foil,false,,,"ELD Update","",78096
"Heliod's Pilgrim",3,"Creature - Human Cleric",W,"thb","20",common,White,Owned,Non-foil,false,,,"THB Update","",79164
"Holy Cow",3,"Creature - Ox Angel",W,"otj","16",common,White,Owned,,false,,,"","",123943
"Inspiring Overseer",3,"Creature - Angel Cleric",W,"snc","18",common,White,Owned,Non-foil,false,,,"","",98255
"Inspiring Paladin",3,"Creature - Human Knight",W,"fdn","18",common,White,Owned,,false,,,"","",133604
"Militia Bugler",3,"Creature - Human Soldier",W,"2x2","19",common,White,Owned,Non-foil,false,,,"","",101522
"Sandsteppe Outcast",3,"Creature - Human Warrior",W,"frf","25",common,White,Owned,Non-foil,false,,,"FRF Update;token generator;ETB;WR tokens;WG tokens","",55460
"Aerie Auxiliary",4,"Creature - Bird Soldier",W,"mh3","18",common,White,Owned,,false,,,"","",126053
"Blessed Hippogriff",4,"Creature - Hippogriff",W,"clb","11",common,White,Owned,Non-foil,false,,,"","",100010
"Coalition Honor Guard",4,"Creature - Human Flagbearer",W,"ema","6",common,White,Owned,Non-foil,false,,,"AVR Update","",60661
"Combat Professor",4,"Creature - Bird Cleric",W,"stx","11",common,White,Owned,Non-foil,false,,,"STX Update","",88499
"Guardian of the Guildpact",4,"Creature - Spirit",W,"dis","10",common,White,Owned,Non-foil,false,,,"Since the beginning;evasion","",24303
"Palace Sentinels",4,"Creature - Human Soldier",W,"cn2","19",common,White,Owned,Non-foil,false,,,"","",
"Rhox Veteran",4,"Creature - Rhino Soldier",W,"mh1","24",common,White,Owned,Non-foil,false,,,"MH1 Update;tapper;removal;soft removal","",72420
"Search Party Captain",4,"Creature - Human Soldier",W,"mid","32",common,White,Owned,Non-foil,false,,,"","",92994
"Custodi Squire",5,"Creature - Spirit Cleric",W,"cns","18",common,White,Owned,Non-foil,false,,,"CNS/VMA Update;evasion;UW fliers;ETB","",
"Alabaster Host Intercessor",6,"Creature - Phyrexian Samurai",W,"mom","3",common,White,Owned,,false,,,"","",109800
"Eagles of the North",6,"Creature - Bird Soldier",W,"ltr","7",common,White,Owned,,false,,,"","",111924
"Pegasus Guardian",6,"Creature - Pegasus",W,"clb","36",common,White,Owned,Non-foil,false,,,"","",100068
"Ephemerate",1,"Instant",W,"mh1","7",common,White,Owned,Non-foil,false,,,"MH1 Update;flicker and bounce","",72386
"Gods Willing",1,"Instant",W,"ths","16",common,White,Owned,Non-foil,false,,,"THS Update;card selection","",50478
"Mana Tithe",1,"Instant",W,"plc","25",common,White,Owned,Non-foil,false,,,"","",26511
"Dauntless Unity",2,"Instant",W,"znr","9",common,White,Owned,Non-foil,false,,,"2XM/ZNR Update","",82953
"Raise the Alarm",2,"Creature Instant",W,"m20","34",common,White,Owned,Non-foil,false,,,"Since the beginning;token generator;WR tokens;WG tokens","",72967
"Thraben Charm",2,"Instant",W,"mh3","45",common,White,Owned,,false,,,"","",126107
"Unbounded Potential",2,"Instant",W,"mh2","36",common,White,Owned,Non-foil,false,,,"AFR/MH2 Update","",90441
"You Hear Something on Watch",2,"Instant",W,"afr","42",common,White,Owned,Non-foil,false,,,"","",91586
"Borrowed Grace",3,"Instant",W,"emn","14",common,White,Owned,Non-foil,false,,,"EMN Update","",61092
"Prismatic Strands",3,"Instant",W,"jud","18",common,White,Owned,Non-foil,false,,,"MBS Update;graveyard matters","",17390
"Sunlance",1,"Sorcery",W,"mm2","34",common,White,Owned,Non-foil,false,,,"","",57006
"Battle Screech",4,"Creature Sorcery",W,"cmm","17",common,White,Owned,Non-foil,false,,,"CNS/VMA Update;token generator;WR tokens;WG tokens;graveyard matters","",115133
"Settle Beyond Reality",5,"Sorcery",W,"mh1","27",common,White,Owned,Non-foil,false,,,"MH1 Update;flicker and bounce;removal;hard removal;Creature Removal","",72426
"Imperial Oath",6,"Creature Sorcery",W,"neo","17",common,White,Owned,Non-foil,false,,,"","",96944
"Triplicate Spirits",6,"Creature Sorcery",W,"m15","40",common,White,Owned,Non-foil,false,,,"M15 Update;token generator;WR tokens;WG tokens","",53614
"Mandibular Kite",1,"Creature Artifact - Equipment",W,"mh3","34",common,White,Owned,,false,,,"","",126085
"Ancestral Blade",2,"Creature Artifact - Equipment",W,"2xm","3",common,White,Owned,Non-foil,false,,,"token generator;WR tokens;WG tokens;2XM/ZNR Update","",82040
"Greatsword of Tyr",2,"Artifact - Equipment",W,"clb","22",common,White,Owned,Non-foil,false,,,"","",100036
"Cartouche of Solidarity",1,"Creature Enchantment - Aura Cartouche",W,"akh","7",common,White,Owned,Non-foil,false,,,"","",63616
"Dog Umbra",2,"Enchantment - Aura",W,"mh3","22",common,White,Owned,,false,,,"","",126061
"Journey to Nowhere",2,"Enchantment",W,"zen","14",common,White,Owned,Non-foil,false,,,"Since the beginning;removal;hard removal;Creature Removal","",34390
"Petrify",2,"Enchantment - Aura",W,"lci","30",common,White,Owned,,false,,,"","",117842
"Planar Disruption",2,"Enchantment - Aura",W,"one","28",common,White,Owned,Non-foil,false,,,"","",106271
"Oblivion Ring",3,"Enchantment",W,"lrw","34",common,White,Owned,Non-foil,false,,,"Since the beginning;removal;hard removal;Creature Removal","",28229
"Trapped in the Screen",3,"Enchantment",W,"dsk","36",common,White,Owned,,false,,,"","",130203
"Faith's Fetters",4,"Enchantment - Aura",W,"uma","16",common,White,Owned,Non-foil,false,,,"Since the beginning;removal;soft removal;Creature Removal","",70105
"Faerie Seer",1,"Creature - Faerie Wizard",U,"mh1","51",common,Blue,Owned,Non-foil,false,,,"MH1 Update;ETB;UW fliers;evasion;card selection","",72474
"Deranged Assistant",2,"Creature - Human Wizard",U,"isd","52",common,Blue,Owned,,false,,,"","",42332
"Looter il-Kor",2,"Creature - Kor Rogue",U,"tsr","74",common,Blue,Owned,Non-foil,false,,,"","",86511
"Merfolk Looter",2,"Creature - Merfolk Rogue",U,"10e","92",common,Blue,Owned,Non-foil,false,,,"","",27410
"Moon-Circuit Hacker",2,"Enchantment Creature - Human Ninja",U,"neo","67",common,Blue,Owned,Non-foil,false,,,"","",97054
"Zephyr Winder",2,"Creature - Elemental",U,"mom","328",common,Blue,Owned,,false,,,"","",109744
"Cloudkin Seer",3,"Creature - Elemental Wizard",U,"m20","54",common,Blue,Owned,Non-foil,false,,,"M20 Update;ETB;UW fliers;evasion;card draw","",73007
"Eldrazi Skyspawner",3,"Creature - Eldrazi Drone",U,"bfz","58",common,Blue,Owned,Non-foil,false,,,"BFZ Update;UW fliers;ETB;token generator","",58341
"Frost Trickster",3,"Creature - Bird Wizard",U,"stx","43",common,Blue,Owned,Non-foil,false,,,"STX Update","",88563
"Geyser Drake",3,"Creature - Drake",U,"otj","51",common,Blue,Owned,,false,,,"","",124013
"Jhessian Thief",3,"Creature - Human Rogue",U,"ima","61",common,Blue,Owned,,false,,,"","",66001
"Man-o'-War",3,"Creature - Jellyfish",U,"mh1","55",common,Blue,Owned,Non-foil,false,,,"Since the beginning;flicker and bounce;ETB;removal;soft removal","",72482
"Mistral Singer",3,"Creature - Siren",U,"m21","58",common,Blue,Owned,Non-foil,false,,,"M21/JMP Update","",81343
"Mocking Sprite",3,"Creature - Faerie Rogue",U,"woe","62",common,Blue,Owned,,false,,,"","",116426
"Pestermite",3,"Creature - Faerie Rogue",U,"lrw","78",common,Blue,Owned,Non-foil,false,,,"Since the beginning;UW fliers;evasion;tapper;ETB;flash","",28241
"Preening Champion",3,"Creature - Bird Knight",U,"mom","73",common,Blue,Owned,,false,,,"","",109972
"Serum Visionary",3,"Creature - Vedalken Wizard",U,"mh3","69",common,Blue,Owned,,false,,,"","",126155
"Vizier of Tumbling Sands",3,"Creature - Human Cleric",U,"cmm","131",common,Blue,Owned,,false,,,"","",115361
"Warden of Evos Isle",3,"Creature - Bird Wizard",U,"ema","76",common,Blue,Owned,Non-foil,false,,,"EMA Update;UW fliers;evasion","",60803
"Winter Eladrin",3,"Creature - Faerie Elf Wizard",U,"clb","104",common,Blue,Owned,Non-foil,false,,,"","",100216
"Archaeomancer",4,"Creature - Human Wizard",U,"m14","43",common,Blue,Owned,Non-foil,false,,,"","",49321
"Cruel Witness",4,"Creature - Bird Horror",U,"vow","55",common,Blue,Owned,Non-foil,false,,,"","",94414
"Mist Raven",4,"Creature - Bird",U,"avr","67",common,Blue,Owned,Non-foil,false,,,"AVR Update;UW fliers;evasion;flicker and bounce;ETB;removal;soft removal","",44205
"Murmuring Mystic",4,"Creature - Human Wizard",U,"cmm","107",common,Blue,Owned,,false,,,"","",115313
"Ninja of the Deep Hours",4,"Creature - Human Ninja",U,"c18","95",common,Blue,Owned,Non-foil,false,,,"Since the beginning;flicker and bounce;card draw","",
"Mulldrifter",5,"Creature - Elemental",U,"lrw","76",common,Blue,Owned,Non-foil,false,,,"Since the beginning;UW fliers;ETB;evasion;card draw","",28245
"Peregrine Drake",5,"Creature - Drake",U,"dmr","65",common,Blue,Owned,Non-foil,false,,,"","",107619
"Shipwreck Dowser",5,"Creature - Merfolk Wizard",U,"cmm","119",common,Blue,Owned,,false,,,"","",115337
"Young Blue Dragon",5,"Creature - Dragon",U,"clb","106",common,Blue,Owned,Non-foil,false,,,"","",100220
"Aethersnipe",6,"Creature - Elemental",U,"uma","44",common,Blue,Owned,Non-foil,false,,,"MBS Update;flicker and bounce;ETB;removal;soft removal","",70161
"Mirrorshell Crab",7,"Artifact Creature - Crab",U,"neo","63",common,Blue,Owned,Non-foil,false,,,"","",97044
"Striped Riverwinder",7,"Creature - Serpent",U,"hou","48",common,Blue,Owned,Non-foil,false,,,"HOU/XLN/IMA Update;card draw","",64580
"Sword Coast Serpent",7,"Creature - Serpent Dragon",U,"clb","99",common,Blue,Owned,Non-foil,false,,,"","",100204
"Tolarian Terror",7,"Creature - Serpent",U,"dmu","72",common,Blue,Owned,Non-foil,false,,,"","",102620
"Brainstorm",1,"Instant",U,"dsc","113",common,Blue,Owned,,false,,,"","",130849
"Condescend",1,"Instant",U,"dd2","28",common,Blue,Owned,Non-foil,false,,,"","",31621
"Consider",1,"Instant",U,"mid","44",common,Blue,Owned,Non-foil,false,,,"","",93020
"Opt",1,"Instant",U,"dom","60",common,Blue,Owned,Non-foil,false,,,"BBD Update;card draw;card selection","",67585
"Phantom Interference",1,"Instant",U,"otj","61",common,Blue,Owned,,false,,,"","",124033
"Repeal",1,"Instant",U,"gpt","32",common,Blue,Owned,Non-foil,false,,,"GRN Update;flicker and bounce;removal;soft removal;card draw","",23627
"Counterspell",2,"Instant",U,"cmm","81",common,Blue,Owned,Non-foil,false,,,"Since the beginning","",115261
"Impulse",2,"Instant",U,"btd","10",common,Blue,Owned,Non-foil,false,,,"","",
"Into the Roil",2,"Instant",U,"zen","48",common,Blue,Owned,Non-foil,false,,,"Since the beginning;flicker and bounce;removal;soft removal;card draw","",34448
"Lose Focus",2,"Instant",U,"mh2","49",common,Blue,Owned,Non-foil,false,,,"AFR/MH2 Update","",90467
"Mana Leak",2,"Instant",U,"ima","66",common,Blue,Owned,Non-foil,false,,,"May 2010 Update","",66011
"Miscalculation",2,"Instant",U,"ulg","36",common,Blue,Owned,Non-foil,false,,,"MBS Update;card draw","",12607
"Remove Soul",2,"Instant",U,"10e","100",common,Blue,Owned,Non-foil,false,,,"July 2010 Update","",27420
"Snap",2,"Instant",U,"dds","10",common,Blue,Owned,Non-foil,false,,,"AVR Update;flicker and bounce;removal;soft removal","",
"Capsize",3,"Instant",U,"tmp","55",common,Blue,Owned,Non-foil,false,,,"SOM Update;flicker and bounce;removal;soft removal","",9641
"Displace",3,"Instant",U,"emn","55",common,Blue,Owned,Non-foil,false,,,"M20 Update;flicker and bounce","",61330
"Exclude",3,"Instant",U,"inv","56",common,Blue,Owned,Non-foil,false,,,"","",14459
"Ghostly Flicker",3,"Instant",U,"khc","39",common,Blue,Owned,Non-foil,false,,,"","",87983
"Quick Study",3,"Instant",U,"woe","65",common,Blue,Owned,,false,,,"","",116436
"Behold the Multiverse",4,"Instant",U,"khm","46",common,Blue,Owned,Non-foil,false,,,"KHM/CMR Update","",87417
"Hard Evidence",1,"Creature Sorcery",U,"mh2","46",common,Blue,Owned,Non-foil,false,,,"AFR/MH2 Update","",90461
"Ponder",1,"Sorcery",U,"ncc","229",common,Blue,Owned,Non-foil,false,,,"","",
"Preordain",1,"Sorcery",U,"m11","70",common,Blue,Owned,Non-foil,false,,,"SOM Update;card draw;card selection","",37388
"Serum Visions",1,"Sorcery",U,"5dn","36",common,Blue,Owned,Non-foil,false,,,"","",20956
"Compulsive Research",3,"Sorcery",U,"rav","40",common,Blue,Owned,Non-foil,false,,,"","",23294
"Deep Analysis",4,"Sorcery",U,"ema","45",common,Blue,Owned,Non-foil,false,,,"Since the beginning;card draw;graveyard matters","",60727
"Lórien Revealed",5,"Sorcery",U,"ltr","60",common,Blue,Owned,,false,,,"","",112030
"Treasure Cruise",8,"Sorcery",U,"ktk","59",common,Blue,Owned,Non-foil,false,,,"FRF Update;card draw;graveyard matters","",54300
"Bubble Snare",1,"Enchantment - Aura",U,"znr","47",common,Blue,Owned,Non-foil,false,,,"removal;soft removal;Creature Removal;2XM/ZNR Update","",83043
"Unable to Scream",1,"Enchantment - Aura",U,"dsk","78",common,Blue,Owned,,false,,,"","",130287
"Weakstone's Subjugation",1,"Enchantment - Aura",U,"bro","72",common,Blue,Owned,Non-foil,false,,,"","",104762
"Witness Protection",1,"Enchantment - Aura",U,"snc","66",common,Blue,Owned,Non-foil,false,,,"","",98351
"Mystic Sanctuary",0,"Land - Island",,"eld","247",common,Blue,Owned,,false,,,"","",78640
"Carnophage",1,"Creature - Zombie",B,"exo","53",common,Black,Owned,,false,,,"","",10655
"Carrion Feeder",1,"Creature - Zombie",B,"scg","59",common,Black,Owned,Non-foil,false,,,"BBD Update","",18680
"Ecstatic Awakener",1,"Creature - Human Wizard",B,"mid","100",common,Black,Owned,Non-foil,false,,,"","",93154
"Grasping Scoundrel",1,"Creature - Human Pirate",B,"m19","312",common,Black,Owned,,false,,,"","",68157
"Infestation Sage",1,"Creature - Elf Warlock",B,"fdn","64",common,Black,Owned,,false,,,"","",133696
"Nested Shambler",1,"Creature - Zombie",B,"mh2","95",common,Black,Owned,Non-foil,false,,,"","",90563
"Nezumi Linkbreaker",1,"Creature - Rat Warlock",B,"otj","96",common,Black,Owned,,false,,,"","",124103
"Plagued Rusalka",1,"Creature - Spirit",B,"mm2","89",common,Black,Owned,Non-foil,false,,,"BBD Update;removal;hard removal","",57470
"Retrofitted Transmogrant",1,"Artifact Creature - Zombie",B,"mh3","106",common,Black,Owned,,false,,,"","",126229
"Unwilling Ingredient",1,"Creature - Frog",B,"stx","90",common,Black,Owned,Non-foil,false,,,"STX Update","",88657
"Vampire Lacerator",1,"Creature - Vampire Warrior",B,"a25","114",common,Black,Owned,,false,,,"","",67142
"Accursed Marauder",2,"Creature - Zombie Warrior",B,"mh3","405",common,Black,Owned,,false,,,"","",125599
"Aether Poisoner",2,"Creature - Human Artificer",B,"aer","51",common,Black,Owned,,false,,,"","",62663
"Basilica Screecher",2,"Creature - Bat",B,"gtc","58",common,Black,Owned,Non-foil,false,,,"","",47717
"Carrier Thrall",2,"Creature - Vampire",B,"2x2","72",common,Black,Owned,Non-foil,false,,,"","",101628
"Dauthi Horror",2,"Creature - Dauthi Horror",B,"clb","748",common,Black,Owned,,false,,,"","",
"Dauthi Slayer",2,"Creature - Dauthi Soldier",B,"tmp","126",common,Black,Owned,,false,,,"","",9481
"Gixian Infiltrator",2,"Creature - Phyrexian Human",B,"bro","98",common,Black,Owned,Non-foil,false,,,"","",104814
"Guildsworn Prowler",2,"Creature - Tiefling Rogue Assassin",B,"clb","130",common,Black,Owned,Non-foil,false,,,"","",100276
"Legion Vanguard",2,"Creature - Vampire Soldier",B,"cmm","170",common,Black,Owned,,false,,,"","",115439
"Mardu Skullhunter",2,"Creature - Human Warrior",B,"ktk","78",common,Black,Owned,,false,,,"","",53990
"Mire Triton",2,"Creature - Zombie Merfolk",B,"cmm","174",common,Black,Owned,,false,,,"","",115447
"Putrid Goblin",2,"Creature - Zombie Goblin",B,"mh1","101",common,Black,Owned,Non-foil,false,,,"MH1 Update","",72574
"Crypt Rats",3,"Creature - Rat",B,"vis","55",common,Black,Owned,Non-foil,false,,,"Since the beginning;removal;hard removal;Creature Removal","",7509
"Phyrexian Rager",3,"Creature - Horror",B,"ima","102",common,Black,Owned,Non-foil,false,,,"Since the beginning;ETB;card draw","",66083
"Voracious Vermin",3,"Creature - Rat",B,"woe","116",common,Black,Owned,,false,,,"","",116550
"Bone Picker",4,"Creature - Bird",B,"2xm","78",common,Black,Owned,Non-foil,false,,,"2XM/ZNR Update","",82190
"Faceless Butcher",4,"Creature - Nightmare Horror",B,"tor","60",common,Black,Owned,Non-foil,false,,,"Since the beginning;ETB;removal;soft removal;Creature Removal","",17179
"Falkenrath Noble",4,"Creature - Vampire",B,"mm3","70",common,Black,Owned,Non-foil,false,,,"HOU/XLN/IMA Update;evasion;graveyard matters","",63275
"Gravedigger",4,"Creature - Zombie",B,"ema","89",common,Black,Owned,Non-foil,false,,,"Since the beginning;ETB;graveyard matters","",60557
"Scurrilous Sentry",4,"Creature - Human Knight Rogue",B,"mh3","108",common,Black,Owned,,false,,,"","",126233
"Thorn of the Black Rose",4,"Creature - Human Assassin",B,"cn2","48",common,Black,Owned,Non-foil,false,,,"CN2/KLD/C16 Update;ETB;card draw;deathtouch","",
"Gray Merchant of Asphodel",5,"Creature - Zombie",B,"c14","146",common,Black,Owned,Non-foil,false,,,"","",55089
"Loathsome Curator",5,"Creature - Gorgon Wizard",B,"mh2","91",common,Black,Owned,Non-foil,false,,,"AFR/MH2 Update","",90555
"Okiba-Gang Shinobi",5,"Creature - Rat Ninja",B,"pca","35",common,Black,Owned,Non-foil,false,,,"","",
"Vampire Sovereign",5,"Creature - Vampire Noble",B,"2x2","97",common,Black,Owned,Non-foil,false,,,"","",101678
"Chitin Gravestalker",6,"Creature - Insect Warrior",B,"dft","79",common,Black,Owned,,false,,,"","",136281
"First-Sphere Gargantua",6,"Creature - Horror",B,"mh1","91",common,Black,Owned,Non-foil,false,,,"MH1 Update;ETB;graveyard matters;card draw","",72554
"Troll of Khazad-dûm",6,"Creature - Troll",B,"ltr","111",common,Black,Owned,,false,,,"","",112132
"Gurmag Angler",7,"Creature - Zombie Fish",B,"frf","72",common,Black,Owned,Non-foil,false,,,"MM2/ORI Update;graveyard matters","",55472
"Disfigure",1,"Instant",B,"zen","87",common,Black,Owned,Non-foil,false,,,"Since the beginning;removal;hard removal;Creature Removal","",34450
"Feign Death",1,"Instant",B,"afr","103",common,Black,Owned,Non-foil,false,,,"AFR/MH2 Update","",91708
"Tragic Slip",1,"Instant",B,"dka","76",common,Black,Owned,Non-foil,false,,,"DKA Update;removal;hard removal;Creature Removal","",43189
"Undying Malice",1,"Instant",B,"vow","134",common,Black,Owned,Non-foil,false,,,"","",94600
"Vendetta",1,"Instant",B,"roe","130",common,Black,Owned,,false,,,"","",36680
"Village Rites",1,"Instant",B,"khm","117",common,Black,Owned,Non-foil,false,,,"AFR/MH2 Update","",87567
"Candy Grapple",2,"Instant",B,"woe","83",common,Black,Owned,,false,,,"","",116476
"Cast Down",2,"Instant",B,"2xm","79",common,Black,Owned,Non-foil,false,,,"Creature Removal;2XM/ZNR Update","",82192
"Death Denied",2,"Instant - Arcane",B,"uma","92",common,Black,Owned,Non-foil,false,,,"May 2010 Update;graveyard matters","",70257
"Doom Blade",2,"Instant",B,"gn3","47",common,Black,Owned,,false,,,"","",
"Go for the Throat",2,"Instant",B,"40k","201",common,Black,Owned,Non-foil,false,,,"","",108256
"Wither and Bloom",2,"Instant",B,"mh3","111",common,Black,Owned,,false,,,"","",126239
"Unearth",1,"Sorcery",B,"mh1","113",common,Black,Owned,Non-foil,false,,,"Since the beginning;graveyard matters;card draw","",72598
"Feed the Swarm",2,"Sorcery",B,"znr","102",common,Black,Owned,Non-foil,false,,,"hard removal;removal;Creature Removal;2XM/ZNR Update","",83167
"Night's Whisper",2,"Sorcery",B,"voc","133",common,Black,Owned,Non-foil,false,,,"EMA Update;card draw","",95040
"Ransack the Lab",2,"Sorcery",B,"mh1","103",common,Black,Owned,Non-foil,false,,,"THB Update","",72578
"Ashes to Ashes",3,"Sorcery",B,"drk","39",common,Black,Owned,Non-foil,false,,,"","",
"Arms of Hadar",4,"Sorcery",B,"clb","113",common,Black,Owned,Non-foil,false,,,"","",100238
"Dread Return",4,"Sorcery",B,"cmm","153",common,Black,Owned,,false,,,"","",115405
"Blood Fountain",1,"Artifact",B,"vow","95",common,Black,Owned,Non-foil,false,,,"","",94506
"Grim Bauble",1,"Artifact",B,"dft","88",common,Black,Owned,,false,,,"","",136299
"Tithing Blade",2,"Artifact",B,"lci","128",common,Black,Owned,,false,,,"","",118064
"Clawing Torment",1,"Enchantment - Aura",B,"neo","91",common,Black,Owned,,false,,,"","",97102
"Gift of Fangs",1,"Enchantment - Aura",B,"j25","444",common,Black,Owned,,false,,,"","",
"Tortured Existence",1,"Enchantment",B,"sth","74",common,Black,Owned,Non-foil,false,,,"","",10329
"Pestilence",4,"Enchantment",B,"usg","147",common,Black,Owned,Non-foil,false,,,"Since the beginning;removal;hard removal;Creature Removal","",12409
"Witch's Cottage",0,"Land - Swamp",,"eld","249",common,Black,Owned,,false,,,"","",78644
"Clockwork Percussionist",1,"Artifact Creature - Monkey Toy",R,"dsk","295",common,Red,Owned,,false,,,"","",129957
"Fanatical Firebrand",1,"Creature - Goblin Pirate",R,"rix","101",common,Red,Owned,Non-foil,false,,,"UST/RIX/A25 Update;removal;hard removal","",66655
"Frenzied Goblin",1,"Creature - Goblin Berserker",R,"a25","131",common,Red,Owned,Non-foil,false,,,"UST/RIX/A25 Update","",67176
"Goblin Motivator",1,"Creature - Goblin Warrior",R,"m19","143",common,Red,Owned,Non-foil,false,,,"","",68447
"Grim Initiate",1,"Creature - Zombie Warrior",R,"war","130",common,Red,Owned,Non-foil,false,,,"WAR Update;token generator;WR tokens","",71866
"Harried Spearguard",1,"Creature - Human Soldier",R,"woe","135",common,Red,Owned,,false,,,"","",116592
"Jackal Pup",1,"Creature - Jackal",R,"a25","139",common,Red,Owned,Non-foil,false,,,"UST/RIX/A25 Update","",67192
"Monastery Swiftspear",1,"Creature - Human Monk",R,"2x2","119",common,Red,Owned,Non-foil,false,,,"","",101722
"Scorched Rusalka",1,"Creature - Spirit",R,"mm3","110",common,Red,Owned,Non-foil,false,,,"ELD Update","",63069
"Aether Chaser",2,"Creature - Human Artificer",R,"aer","76",common,Red,Owned,Non-foil,false,,,"AFR/MH2 Update","",62715
"Dark-Dweller Oracle",2,"Creature - Goblin Shaman",R,"2x2","106",common,Red,Owned,Non-foil,false,,,"","",101696
"Firebrand Archer",2,"Creature - Human Archer",R,"hou","92",common,Red,Owned,Non-foil,false,,,"","",64668
"Fireslinger",2,"Creature - Human Wizard",R,"tmp","173",common,Red,Owned,Non-foil,false,,,"Since the beginning;removal;hard removal","",9581
"Goblin Bushwhacker",2,"Creature - Goblin Warrior",R,"zen","125",common,Red,Owned,Non-foil,false,,,"","",34388
"Hobblefiend",2,"Creature - Devil",R,"m21","152",common,Red,Owned,Non-foil,false,,,"M21/JMP Update","",81531
"Mayhem Patrol",2,"Creature - Devil Warrior",R,"snc","114",common,Red,Owned,Non-foil,false,,,"","",98447
"Mogg War Marshal",2,"Creature - Goblin Warrior",R,"ema","139",common,Red,Owned,Non-foil,false,,,"Since the beginning;ETB;token generator;WR tokens","",60941
"Orcish Hellraiser",2,"Creature - Orc Warrior",R,"mh1","136",common,Red,Owned,Non-foil,false,,,"MH1 Update","",72644
"Red Herring",2,"Artifact Creature - Clue Fish",R,"mkm","142",common,Red,Owned,,false,,,"","",121762
"Rimrock Knight",2,"Creature - Dwarf Knight",R,"eld","137",common,Red,Owned,Non-foil,false,,,"THB Update","",78402
"Thriving Grubs",2,"Creature - Gremlin",R,"kld","138",common,Red,Owned,,false,,,"","",61969
"Underworld Rage-Hound",2,"Creature - Elemental Dog",R,"thb","163",common,Red,Owned,Non-foil,false,,,"","",79450
"Volatile Wanderglyph",2,"Artifact Creature - Golem",R,"lci","172",common,Red,Owned,,false,,,"","",118168
"Yavimaya Steelcrusher",2,"Creature - Ape Warrior",R,"dmu","152",common,Red,Owned,Non-foil,false,,,"","",102780
"Bogardan Dragonheart",3,"Creature - Human Shaman",R,"mh1","120",common,Red,Owned,Non-foil,false,,,"MH1 Update;evasion","",72612
"Guttersnipe",3,"Creature - Goblin Shaman",R,"cmm","229",common,Red,Owned,,false,,,"","",114685
"Hissing Iguanar",3,"Creature - Lizard",R,"uma","134",common,Red,Owned,Non-foil,false,,,"July 2010 Update","",70341
"Molten Gatekeeper",3,"Artifact Creature - Golem",R,"mh3","128",common,Red,Owned,,false,,,"","",126273
"Spelleater Wolverine",3,"Creature - Wolverine",R,"iko","137",common,Red,Owned,Non-foil,false,,,"","",80283
"Tuskeri Firewalker",3,"Creature - Human Berserker",R,"khm","157",common,Red,Owned,Non-foil,false,,,"KHM/CMR Update","",87651
"Witty Roastmaster",3,"Creature - Devil Citizen",R,"snc","131",common,Red,Owned,Non-foil,false,,,"","",98481
"Ardent Elementalist",4,"Creature - Human Shaman",R,"mid","128",common,Red,Owned,Non-foil,false,,,"","",93222
"Beetleback Chief",4,"Creature - Goblin Warrior",R,"ema","119",uncommon,Red,Owned,Non-foil,false,,,"CNS/VMA Update;ETB;token generator;WR tokens","",60749
"Scholar of Combustion",4,"Creature - Human Wizard",R,"j25","19",common,Red,Owned,,false,,,"","",132830
"Thriving Skyclaw",4,"Creature - Cat Dragon",R,"mh3","141",common,Red,Owned,,false,,,"","",126299
"Wildfire Elemental",4,"Creature - Elemental",R,"m20","297",common,Red,Owned,Non-foil,false,,,"M20 Update","",73511
"Oliphaunt",6,"Creature - Elephant",R,"ltr","139",common,Red,Owned,,false,,,"","",112188
"Burst Lightning",1,"Instant",R,"mm2","109",common,Red,Owned,Non-foil,false,,,"Since the beginning;removal;hard removal;Creature Removal","",57148
"Galvanic Discharge",1,"Instant",R,"mh3","122",common,Red,Owned,,false,,,"","",126261
"Lightning Bolt",1,"Instant",R,"m10","146",common,Red,Owned,Non-foil,false,,,"Since the beginning;removal;hard removal;Creature Removal","",32859
"Abrade",2,"Instant",R,"2xm","114",common,Red,Owned,Non-foil,false,,,"Creature Removal;2XM/ZNR Update","",82262
"Improvised Club",2,"Instant",R,"ltr","137",common,Red,Owned,,false,,,"","",112184
"Incinerate",2,"Instant",R,"m12","146",common,Red,Owned,Non-foil,false,,,"","",41135
"Lightning Strike",2,"Instant",R,"dmu","137",common,Red,Owned,Non-foil,false,,,"","",102750
"Searing Spear",2,"Instant",R,"m13","147",common,Red,Owned,Non-foil,false,,,"","",45526
"Ambitious Assault",3,"Instant",R,"neo","133",common,Red,Owned,Non-foil,false,,,"","",97194
"Gnawing Crescendo",3,"Instant",R,"woe","131",common,Red,Owned,,false,,,"","",116582
"Goblin Surprise",3,"Instant",R,"fdn","200",common,Red,Owned,,false,,,"","",133426
"Sulfurous Blast",4,"Instant",R,"cmm","262",common,Red,Owned,,false,,,"","",114751
"Fireblast",6,"Instant",R,"jvc","55",common,Red,Owned,Non-foil,false,,,"","",
"Chain Lightning",1,"Sorcery",R,"dmr","113",common,Red,Owned,Non-foil,false,,,"Since the beginning;hard removal;removal;Creature Removal","",107715
"Fireball",1,"Sorcery",R,"4ed","192",common,Red,Owned,Non-foil,false,,,"","",
"Firebolt",1,"Sorcery",R,"ema","130",common,Red,Owned,Non-foil,false,,,"Since the beginning;removal;hard removal;graveyard matters;Creature Removal","",60939
"Flame Slash",1,"Sorcery",R,"roe","145",common,Red,Owned,Non-foil,false,,,"","",36640
"Reckless Charge",1,"Sorcery",R,"mh1","144",common,Red,Owned,Non-foil,false,,,"July 2010 Update","",72660
"Forbidden Friendship",2,"Creature Sorcery",R,"iko","119",common,Red,Owned,Non-foil,false,,,"IKO Update","",80247
"Rally at the Hornburg",2,"Creature Sorcery",R,"ltr","142",common,Red,Owned,,false,,,"","",112194
"Reckless Impulse",2,"Sorcery",R,"vow","174",common,Red,Owned,Non-foil,false,,,"","",94692
"Rolling Thunder",2,"Sorcery",R,"tmp","198",common,Red,Owned,,false,,,"","",9595
"Wrangle",2,"Sorcery",R,"aer","101",common,Red,Owned,Non-foil,false,,,"","",62721
"Wrenn's Resolve",2,"Sorcery",R,"mom","173",common,Red,Owned,,false,,,"","",110214
"Hordeling Outburst",3,"Creature Sorcery",R,"a25","134",common,Red,Owned,Non-foil,false,,,"UST/RIX/A25 Update;token generator;WR tokens","",67182
"Rift Bolt",3,"Sorcery",R,"2x2","122",common,Red,Owned,Non-foil,false,,,"EMN Update;removal;Creature Removal","",101728
"Skewer the Critics",3,"Sorcery",R,"rna","115",common,Red,Owned,Non-foil,false,,,"RNA Update;removal;hard removal;Creature Removal","",71230
"Barbed Batterfist",2,"Creature Artifact - Equipment",R,"one","121",common,Red,Owned,Non-foil,false,,,"","",106457
"Raid Bombardment",3,"Enchantment",R,"roe","161",common,Red,Owned,Non-foil,false,,,"M20 Update","",36558
"Teetering Peaks",0,"Land",R,"pd2","30",common,Red,Owned,,false,,,"","",39256
"Arbor Elf",1,"Creature - Elf Druid",G,"wwk","95",common,Green,Owned,,false,,,"","",35773
"Elvish Mystic",1,"Creature - Elf Druid",G,"m15","173",common,Green,Owned,Non-foil,false,,,"IKO Update","",53460
"Experiment One",1,"Creature - Human Ooze",G,"2x2","146",common,Green,Owned,Non-foil,false,,,"","",101776
"Llanowar Elves",1,"Creature - Elf Druid",G,"dom","168",common,Green,Owned,Non-foil,false,,,"ELD Update","",67801
"Nyxborn Hydra",1,"Enchantment Creature - Hydra",G,"mh3","164",common,Green,Owned,,false,,,"","",126345
"Basking Broodscale",2,"Creature - Eldrazi Lizard",,"mh3","145",common,Green,Owned,,false,,,"","",126307
"Gnarlid Colony",2,"Creature - Beast",G,"znr","185",common,Green,Owned,Non-foil,false,,,"STX Update","",83355
"Jade Avenger",2,"Creature - Frog Samurai",G,"mh2","167",common,Green,Owned,Non-foil,false,,,"","",90711
"Mother Bear",2,"Creature - Bear",G,"mh1","171",common,Green,Owned,Non-foil,false,,,"MH1 Update;token generator;WG tokens;graveyard matters","",72714
"Nest Invader",2,"Creature - Eldrazi Drone",G,"roe","201",common,Green,Owned,Non-foil,false,,,"","",36354
"Sakura-Tribe Elder",2,"Creature - Snake Shaman",G,"mkc","183",common,Green,Owned,Non-foil,false,,,"Since the beginning","",122506
"Voracious Varmint",2,"Creature - Varmint",G,"otj","188",common,Green,Owned,,false,,,"","",124287
"Wall of Roots",2,"Creature - Plant Wall",G,"mir","253",common,Green,Owned,Non-foil,false,,,"AVR Update","",7427
"Wary Thespian",2,"Creature - Cat Druid",G,"mom","215",common,Green,Owned,,false,,,"","",110318
"Werebear",2,"Creature - Human Bear Druid",G,"ema","191",common,Green,Owned,Non-foil,false,,,"ELD Update","",60955
"Contagious Vorrac",3,"Creature - Phyrexian Boar Beast",G,"one","164",common,Green,Owned,Non-foil,false,,,"","",106543
"Eldrazi Repurposer",3,"Creature - Eldrazi Drone",,"mh3","150",common,Green,Owned,,false,,,"","",126317
"Evolution Witness",3,"Creature - Elf Shaman Mutant",G,"mh3","151",common,Green,Owned,,false,,,"","",126319
"Jewel Thief",3,"Creature - Cat Rogue",G,"snc","151",common,Green,Owned,Non-foil,false,,,"","",98521
"Llanowar Visionary",3,"Creature - Elf Druid",G,"m21","193",common,Green,Owned,Non-foil,false,,,"M21/JMP Update","",81613
"Phantom Tiger",3,"Creature - Cat Spirit",G,"jud","129",common,Green,Owned,Non-foil,false,,,"STX Update","",17564
"Tuskguard Captain",3,"Creature - Human Warrior",G,"2x2","163",common,Green,Owned,Non-foil,false,,,"","",101810
"Yavimaya Elder",3,"Creature - Human Druid",G,"mic","147",common,Green,Owned,Non-foil,false,,,"Since the beginning;card draw","",93710
"Bannerhide Krushok",4,"Creature - Beast",G,"mh2","149",common,Green,Owned,Non-foil,false,,,"AFR/MH2 Update","",90675
"Blastoderm",4,"Creature - Beast",G,"gvl","7",common,Green,Owned,,false,,,"","",
"Bloom Hulk",4,"Creature - Plant Elemental",G,"war","154",common,Green,Owned,Non-foil,false,,,"","",71914
"Hazard of the Dunes",4,"Creature - Wurm",G,"dft","165",common,Green,Owned,,false,,,"","",136453
"Jade Guardian",4,"Creature - Merfolk Shaman",G,"xln","194",common,Green,Owned,Non-foil,false,,,"IKO Update","",65408
"Sarulf's Packmate",4,"Creature - Wolf",G,"khm","192",common,Green,Owned,Non-foil,false,,,"KHM/CMR Update","",87727
"Treetop Snarespinner",4,"Creature - Spider",G,"fdn","114",common,Green,Owned,,false,,,"","",133796
"Urban Daggertooth",4,"Creature - Dinosaur",G,"mh2","181",common,Green,Owned,Non-foil,false,,,"AFR/MH2 Update","",90739
"Conclave Naturalists",5,"Creature - Dryad",G,"2xm","160",common,Green,Owned,Non-foil,false,,,"2XM/ZNR Update","",82354
"Owlbear",5,"Creature - Bird Bear",G,"afr","198",common,Green,Owned,Non-foil,false,,,"AFR/MH2 Update","",91898
"Silverback Shaman",5,"Creature - Ape Shaman",G,"m20","195",common,Green,Owned,Non-foil,false,,,"M20 Update;ETB;card draw","",73289
"Generous Ent",6,"Creature - Treefolk",G,"ltr","169",common,Green,Owned,,false,,,"","",112248
"Greater Tanuki",6,"Enchantment Creature - Dog",G,"neo","189",common,Green,Owned,Non-foil,false,,,"","",97318
"Hooting Mandrills",6,"Creature - Ape",G,"ktk","137",common,Green,Owned,Non-foil,false,,,"MM2/ORI Update;evasion;graveyard matters","",54040
"Annoyed Altisaur",7,"Creature - Dinosaur",G,"2x2","134",common,Green,Owned,Non-foil,false,,,"","",101752
"Bramble Wurm",7,"Creature - Wurm",G,"inr","187",common,Green,Owned,,false,,,"","",135786
"Krosan Tusker",7,"Creature - Boar Beast",G,"mh1","169",common,Green,Owned,Non-foil,false,,,"Since the beginning;card draw","",72710
"Giant Growth",1,"Instant",G,"war","162",common,Green,Owned,Non-foil,false,,,"Since the beginning","",71930
"Massive Might",1,"Instant",G,"vow","208",common,Green,Owned,Non-foil,false,,,"","",94776
"Snakeskin Veil",1,"Instant",G,"khm","194",common,Green,Owned,Non-foil,false,,,"STX Update","",87731
"Tamiyo's Safekeeping",1,"Instant",G,"neo","211",common,Green,Owned,Non-foil,false,,,"","",97366
"Vines of Vastwood",1,"Instant",G,"mm2","168",common,Green,Owned,Non-foil,false,,,"Since the beginning","",57150
"Grapple with the Past",2,"Instant",G,"emn","160",common,Green,Owned,Non-foil,false,,,"THB Update","",61230
"Ram Through",2,"Instant",G,"iko","170",common,Green,Owned,Non-foil,false,,,"IKO Update;Creature Removal","",80349
"Sprout Swarm",2,"Instant",G,"fut","138",common,Green,Owned,,false,,,"","",26812
"Pulse of Murasa",3,"Instant",G,"ogw","141",common,Green,Owned,Non-foil,false,,,"OGW Update","",59261
"Abundant Harvest",1,"Sorcery",G,"mh2","147",common,Green,Owned,Non-foil,false,,,"AFR/MH2 Update","",90671
"Bushwhack",1,"Sorcery",G,"fdn","215",common,Green,Owned,,false,,,"","",133456
"Horrific Assault",1,"Sorcery",G,"mh3","157",common,Green,Owned,,false,,,"","",126331
"Longstalk Brawl",1,"Sorcery",G,"blb","182",common,Green,Owned,,false,,,"","",129609
"Farseek",2,"Sorcery",G,"rav","163",common,Green,Owned,,false,,,"","",23262
"Malevolent Rumble",2,"Sorcery",G,"mh3","161",common,Green,Owned,,false,,,"","",126339
"Monstrous Emergence",2,"Sorcery",G,"dsk","191",common,Green,Owned,,false,,,"","",130513
"Nature's Lore",2,"Sorcery",G,"5ed","316",common,Green,Owned,Non-foil,false,,,"BBD Update","",
"Winding Way",2,"Sorcery",G,"mh1","193",common,Green,Owned,Non-foil,false,,,"MH1 Update;card selection","",72758
"Lead the Stampede",3,"Sorcery",G,"ima","173",common,Green,Owned,Non-foil,false,,,"","",66225
"Trumpeting Herd",4,"Creature Sorcery",G,"mh1","187",common,Green,Owned,Non-foil,false,,,"MH1 Update;token generator;WG tokens","",72746
"You Meet in a Tavern",4,"Sorcery",G,"clb","263",common,Green,Owned,Non-foil,false,,,"","",
"Colossal Dreadmask",6,"Creature Artifact - Equipment",G,"mh3","148",common,Green,Owned,,false,,,"","",126313
"Rancor",1,"Enchantment - Aura",G,"ulg","110",common,Green,Owned,Non-foil,false,,,"Since the beginning","",12677
"Utopia Sprawl",1,"Enchantment - Aura",G,"dis","99",common,Green,Owned,,false,,,"","",24297
"Wild Growth",1,"Enchantment - Aura",G,"lea","229",common,Green,Owned,,false,,,"","",
"Fertile Ground",2,"Enchantment - Aura",G,"sld","1846",common,Green,Owned,,false,,,"","",
"Hickory Woodlot",0,"Land",,"mmq","319",common,Green,Owned,,false,,,"","",13409
"Gingerbrute",1,"Artifact Creature - Food Golem",,"eld","219",common,Colorless,Owned,Non-foil,false,,,"ELD Update","",78584
"Iron Apprentice",1,"Artifact Creature - Construct",,"neo","248",common,Colorless,Owned,Non-foil,false,,,"","",97446
"Vault Skirge",1,"Artifact Creature - Imp",,"nph","76",common,Black,Owned,Non-foil,false,,,"NPH Update;evasion","",39770
"Perilous Myr",2,"Artifact Creature - Myr",,"som","192",common,Colorless,Owned,Non-foil,false,,,"SOM Update;Creature Removal","",37969
"Porcelain Legionnaire",2,"Artifact Creature - Soldier",,"nph","19",common,White,Owned,Non-foil,false,,,"NPH Update","",39834
"Scrapwork Mutt",2,"Artifact Creature - Dog",,"bro","164",common,Red,Owned,Non-foil,false,,,"","",104946
"Filigree Familiar",3,"Artifact Creature - Fox",,"cmr","308",common,Colorless,Owned,Non-foil,false,,,"KHM/CMR Update","",85398
"Juggernaut",4,"Artifact Creature - Juggernaut",,"dmr","228",common,Colorless,Owned,,false,,,"","",107985
"Shardless Outlander",7,"Artifact Creature - Construct Scout",,"j25","28",common,Colorless,Owned,,false,,,"","",132848
"Ulamog's Crusher",8,"Creature - Eldrazi",,"uma","8",common,Colorless,Owned,Non-foil,false,,,"May 2010 Update","",70089
"Mutagenic Growth",0,"Instant",,"nph","116",common,Green,Owned,Non-foil,false,,,"","",40000
"Gitaxian Probe",0,"Sorcery",,"nph","35",common,Blue,Owned,Non-foil,false,,,"","",39976
"Bonesplitter",1,"Artifact - Equipment",,"mrd","146",common,Colorless,Owned,Non-foil,false,,,"Since the beginning","",19829
"Candy Trail",1,"Artifact - Food Clue",,"woe","243",common,Colorless,Owned,,false,,,"","",116874
"Flayer Husk",1,"Creature Artifact - Equipment",,"mbs","107",common,Colorless,Owned,Non-foil,false,,,"MBS Update;token generator","",39583
"Leonin Bola",1,"Artifact - Equipment",,"dst","127",common,Colorless,Owned,Non-foil,false,,,"Since the beginning","",20509
"Wayfarer's Bauble",1,"Artifact",,"clb","344",common,Colorless,Owned,Non-foil,false,,,"Since the beginning","",
"Glimmerlight",2,"Artifact - Equipment",,"dsk","249",common,Colorless,Owned,,false,,,"","",130629
"Guardian Idol",2,"Artifact",,"ima","216",common,Colorless,Owned,Non-foil,false,,,"HOU/XLN/IMA Update","",66311
"Mind Stone",2,"Artifact",,"wth","153",common,Colorless,Owned,Non-foil,false,,,"Since the beginning;card draw","",9135
"Prophetic Prism",2,"Artifact",,"roe","222",common,Colorless,Owned,Non-foil,false,,,"July 2010 Update;card draw;ETB","",36758
"Vulshok Morningstar",2,"Artifact - Equipment",,"dst","157",common,Colorless,Owned,Non-foil,false,,,"Since the beginning","",20445
"Bonder's Ornament",3,"Artifact",,"c20","67",common,Colorless,Owned,Non-foil,false,,,"","",80715
"Pristine Talisman",3,"Artifact",,"nph","151",common,Colorless,Owned,Non-foil,false,,,"NPH Update","",40004
"Renegade Freighter",3,"Artifact - Vehicle",,"kld","230",common,Colorless,Owned,Non-foil,false,,,"CN2/KLD/C16 Update","",61593
"Serrated Arrows",4,"Artifact",,"hml","110",common,Colorless,Owned,Non-foil,false,,,"Since the beginning;removal;hard removal;Creature Removal","",
"Momentary Blink",2,"Instant",UW,"tsp","29",common,Multicolored,Owned,Non-foil,false,,,"Since the beginning;flicker and bounce;graveyard matters","",25533
"Lyev Skyknight",3,"Creature - Human Knight",WU,"2x2","246",common,Multicolored,Owned,Non-foil,false,,,"","",101976
"Silver Drake",3,"Creature - Drake",UW,"pls","125",common,Multicolored,Owned,Non-foil,false,,,"AFR/MH2 Update","",15255
"Cavern Harpy",2,"Creature - Harpy Beast",UB,"pls","97",common,Multicolored,Owned,Non-foil,false,,,"JOU Update;evasion;ETB","",15071
"Soul Manipulation",3,"Instant",BU,"arb","29",common,Multicolored,Owned,Non-foil,false,,,"Since the beginning;graveyard matters","",32412
"Dinrova Horror",6,"Creature - Horror",UB,"mm3","160",common,Multicolored,Owned,Non-foil,false,,,"MM3 Update;ETB;flicker and bounce;removal;soft removal","",63417
"Body Dropper",2,"Creature - Devil Warrior",BR,"snc","168",common,Multicolored,Owned,Non-foil,false,,,"","",98555
"Fireblade Artist",2,"Creature - Human Shaman",BR,"2x2","214",common,Multicolored,Owned,Non-foil,false,,,"","",101912
"Blightning",3,"Sorcery",BR,"ala","156",common,Multicolored,Owned,,false,,,"","",30983
"Goblin Anarchomancer",2,"Creature - Goblin Shaman",GR,"mh2","200",common,Multicolored,Owned,Non-foil,false,,,"AFR/MH2 Update","",90777
"Branching Bolt",3,"Instant",RG,"ala","158",common,Multicolored,Owned,Non-foil,false,,,"Since the beginning;removal;hard removal;Creature Removal","",31339
"Writhing Chrysalis",4,"Creature - Eldrazi Drone",,"mh3","208",common,Multicolored,Owned,,false,,,"","",126435
"Faithful Watchdog",2,"Creature - Dog",GW,"mh3","185",common,Multicolored,Owned,,false,,,"","",126387
"Armadillo Cloak",3,"Enchantment - Aura",GW,"ema","195",uncommon,Multicolored,Owned,,false,,,"","",60653
"Captured by Lagacs",3,"Enchantment - Aura",GW,"mh2","188",common,Multicolored,Owned,Non-foil,false,,,"AFR/MH2 Update","",90753
"Tithe Drinker",2,"Creature - Vampire",BW,"c17","200",common,Multicolored,Owned,Non-foil,false,,,"","",
"Kingpin's Pet",3,"Creature - Thrull",WB,"gtc","173",common,Multicolored,Owned,Non-foil,false,,,"GTC Update;evasion","",47857
"Pillory of the Sleepless",3,"Enchantment - Aura",BW,"gpt","125",common,Multicolored,Owned,Non-foil,false,,,"Since the beginning;removal;soft removal","",23693
"Goblin Electromancer",2,"Creature - Goblin Wizard",UR,"rtr","163",common,Multicolored,Owned,Non-foil,false,,,"UMA Update;spells matter","",46363
"Izzet Charm",2,"Instant",UR,"2x2","230",common,Multicolored,Owned,Non-foil,false,,,"","",101944
"Bloodwater Entity",3,"Creature - Elemental",UR,"2x2","185",common,Multicolored,Owned,Non-foil,false,,,"","",101854
"Infuse with Vitality",2,"Instant",BG,"stx","194",common,Multicolored,Owned,Non-foil,false,,,"STX Update","",88895
"Putrid Leech",2,"Creature - Zombie Leech",BG,"arb","95",common,Multicolored,Owned,Non-foil,false,,,"","",32340
"Dreg Mangler",3,"Creature - Plant Zombie",BG,"2x2","204",common,Multicolored,Owned,Non-foil,false,,,"","",101892
"Conduit Goblin",2,"Creature - Goblin Warrior",RW,"mh3","179",common,Multicolored,Owned,,false,,,"","",126375
"Tenth District Legionnaire",2,"Creature - Human Soldier",RW,"2x2","283",common,Multicolored,Owned,,false,,,"","",102050
"Rally the Peasants",3,"Instant",WR,"ema","25",common,Multicolored,Owned,Non-foil,false,,,"EMA Update;graveyard matters","",60719
"Coiling Oracle",2,"Creature - Snake Elf Druid",GU,"dis","107",common,Multicolored,Owned,Non-foil,false,,,"BBD Update;ETB;card draw","",24059
"Growth Spiral",2,"Instant",GU,"cmr","446",common,Multicolored,Owned,Non-foil,false,,,"","",85702
"Snapping Voidcraw",3,"Creature - Eldrazi Turtle",,"mh3","204",common,Multicolored,Owned,,false,,,"","",126427
"Judge's Familiar",1,"Creature - Bird",UW,"rvr","192",common,Hybrid,Owned,,false,,,"","",120911
"Dimir Guildmage",2,"Creature - Human Wizard",UB,"uma","213",common,Hybrid,Owned,Non-foil,false,,,"UMA Update;card draw","",70499
"Cindering Cutthroat",3,"Creature - Lizard Assassin",BR,"blb","208",common,Hybrid,Owned,,false,,,"","",129661
"Burning-Tree Emissary",2,"Creature - Human Shaman",RG,"mm3","207",common,Hybrid,Owned,Non-foil,false,,,"MM3 Update;ETB","",63407
"Safehold Elite",2,"Creature - Elf Scout",GW,"shm","239",common,Hybrid,Owned,,false,,,"","",29459
"Gift of Orzhova",3,"Enchantment - Aura",BW,"mm3","209",common,Hybrid,Owned,,false,,,"","",63411
"Tempest Angler",3,"Creature - Otter Wizard",RU,"blb","235",common,Hybrid,Owned,,false,,,"","",129715
"Desecrator Hag",4,"Creature - Hag",BG,"eve","119",common,Hybrid,Owned,Non-foil,false,,,"IKO Update","",30212
"Dog Walker",2,"Creature - Human Citizen",RW,"mkm","197",common,Hybrid,Owned,,false,,,"","",121868
"Quandrix Pledgemage",3,"Creature - Merfolk Druid",GU,"stx","219",common,Hybrid,Owned,,false,,,"","",88945
"Azorius Chancery",0,"Land",WU,"dis","170",common,Lands,Owned,Non-foil,false,,,"","",24027
"Skybridge Towers",0,"Land",UW,"snc","256",common,Lands,Owned,Non-foil,false,,,"","",98731
"Tranquil Cove",0,"Land",,"ktk","246",common,Lands,Owned,,false,,,"","",54464
"Dimir Aqueduct",0,"Land",BU,"pc2","116",common,Lands,Owned,Non-foil,false,,,"","",45144
"Dismal Backwater",0,"Land",,"ktk","232",common,Lands,Owned,,false,,,"","",54466
"Waterfront District",0,"Land",BU,"snc","259",common,Lands,Owned,Non-foil,false,,,"","",98737
"Jagged Barrens",0,"Land - Desert",,"otj","259",common,Lands,Owned,,false,,,"","",124429
"Rakdos Carnarium",0,"Land",BR,"cma","266",common,Lands,Owned,Non-foil,false,,,"","",
"Tramway Station",0,"Land",BR,"snc","258",common,Lands,Owned,Non-foil,false,,,"","",98735
"Bristling Backwoods",0,"Land - Desert",,"otj","253",common,Lands,Owned,,false,,,"","",124417
"Gruul Turf",0,"Land",RG,"gpt","158",common,Lands,Owned,Non-foil,false,,,"","",23851
"Racers' Ring",0,"Land",GR,"snc","253",common,Lands,Owned,Non-foil,false,,,"","",98725
"Botanical Plaza",0,"Land",GW,"snc","247",common,Lands,Owned,Non-foil,false,,,"","",98713
"Radiant Grove",0,"Land - Forest Plains",GW,"dmu","253",common,Lands,Owned,Non-foil,false,,,"","",102982
"Selesnya Sanctuary",0,"Land",WG,"rav","281",common,Lands,Owned,Non-foil,false,,,"","",23248
"Orzhov Basilica",0,"Land",BW,"cma","264",common,Lands,Owned,Non-foil,false,,,"","",
"Scoured Barrens",0,"Land",,"ktk","242",common,Lands,Owned,,false,,,"","",54070
"Silverquill Campus",0,"Land",BW,"stx","273",common,Lands,Owned,Non-foil,false,,,"STX Update","",89053
"Eroded Canyon",0,"Land - Desert",,"otj","256",common,Lands,Owned,,false,,,"","",124423
"Izzet Boilerworks",0,"Land",RU,"gk1","47",common,Lands,Owned,Non-foil,false,,,"","",
"Prismari Campus",0,"Land",RU,"stx","270",common,Lands,Owned,Non-foil,false,,,"STX Update","",89047
"Golgari Rot Farm",0,"Land",BG,"rav","278",common,Lands,Owned,Non-foil,false,,,"","",23206
"Haunted Mire",0,"Land - Swamp Forest",BG,"dmu","248",common,Lands,Owned,Non-foil,false,,,"","",102972
"Witherbloom Campus",0,"Land",BG,"stx","275",common,Lands,Owned,Non-foil,false,,,"STX Update","",89057
"Abraded Bluffs",0,"Land - Desert",,"otj","251",common,Lands,Owned,,false,,,"","",124413
"Boros Garrison",0,"Land",WR,"rav","275",common,Lands,Owned,Non-foil,false,,,"","",23116
"Lorehold Campus",0,"Land",RW,"stx","268",common,Lands,Owned,Non-foil,false,,,"STX Update","",89043
"Quandrix Campus",0,"Land",GU,"stx","271",common,Lands,Owned,Non-foil,false,,,"STX Update","",89049
"Simic Growth Chamber",0,"Land",UG,"dis","180",common,Lands,Owned,Non-foil,false,,,"","",24031
"Tangled Islet",0,"Land - Forest Island",GU,"dmu","258",common,Lands,Owned,Non-foil,false,,,"","",102992
"Tranquil Landscape",0,"Land",,"mh3","231",common,Lands,Owned,,false,,,"","",126481
"Contaminated Landscape",0,"Land",,"mh3","218",common,Lands,Owned,,false,,,"","",126455
"Seething Landscape",0,"Land",,"mh3","225",common,Lands,Owned,,false,,,"","",126469
"Twisted Landscape",0,"Land",,"mh3","232",common,Lands,Owned,,false,,,"","",126483
"Sheltering Landscape",0,"Land",,"mh3","227",common,Lands,Owned,,false,,,"","",126473
"Shattered Landscape",0,"Land",,"mh3","226",common,Lands,Owned,,false,,,"","",126471
"Bountiful Landscape",0,"Land",,"mh3","217",common,Lands,Owned,,false,,,"","",126453
"Deceptive Landscape",0,"Land",,"mh3","219",common,Lands,Owned,,false,,,"","",126457
"Perilous Landscape",0,"Land",,"mh3","223",common,Lands,Owned,,false,,,"","",126465
"Foreboding Landscape",0,"Land",,"mh3","221",common,Lands,Owned,,false,,,"","",126461
"Basilisk Gate",0,"Land - Gate",,"clb","346",common,Lands,Owned,Non-foil,false,,,"","",100730
"Conduit Pylons",0,"Land - Desert",,"otj","254",common,Lands,Owned,,false,,,"","",124419
"Desert",0,"Land - Desert",,"arn","72",common,Lands,Owned,Non-foil,false,,,"Since the beginning;removal;hard removal","",
"Escape Tunnel",0,"Land",,"mkm","261",common,Lands,Owned,,false,,,"","",122014
"Haunted Fengraf",0,"Land",,"dka","157",common,Lands,Owned,,false,,,"","",43259
"Hidden Grotto",0,"Land",,"blb","254",common,Lands,Owned,,false,,,"","",129753
"Night Market",0,"Land",,"dft","258",common,Lands,Owned,,false,,,"","",136639
"Quicksand",0,"Land",,"wwk","140",common,Lands,Owned,,false,,,"","",35625
"Tocasia's Dig Site",0,"Land",,"bro","266",common,Lands,Owned,Non-foil,false,,,"","",105156
